x,y,cut,fe,as,rec,cluster
29.23995,28.24518,0.82274,2.63673,29.24671,88.12490,0.00000
34.86850,17.65715,0.73689,2.39739,31.10255,87.58102,0.00000
12.85472,26.79535,0.93273,2.18828,30.06247,88.24103,0.00000
34.40515,34.04573,0.82328,3.77632,31.87984,87.91040,0.00000
19.72172,19.72956,0.73726,0.19561,29.35480,88.04704,0.00000
13.17382,13.51886,0.82103,1.42870,28.63883,87.65363,0.00000
34.85971,32.18979,0.81573,2.90876,31.58642,88.21424,0.00000
34.48441,23.89031,0.83081,0.00000,29.62567,88.01511,0.00000
23.66565,14.72083,0.83492,4.19685,29.58697,87.65215,0.00000
15.98820,28.40406,0.88422,2.85568,29.53266,84.87947,0.00000
20.51311,32.14920,0.78354,4.27992,30.86996,90.45236,0.00000
27.38782,14.15213,0.79288,1.16564,29.73401,87.90897,0.00000
18.16527,15.89494,0.75099,2.90147,30.32688,88.98297,0.00000
17.10927,25.48915,0.74093,2.36167,29.60570,87.16344,0.00000
28.67616,12.25161,0.80091,2.24293,30.12860,86.41910,0.00000
34.55882,20.95587,0.73022,1.74222,30.09327,88.55274,0.00000
30.45623,14.78467,0.86952,0.29361,30.54719,87.69193,0.00000
21.33998,35.46016,0.83843,2.36747,32.16168,87.65590,0.00000
13.32589,30.12411,0.77378,2.01886,30.85566,88.04149,0.00000
24.40041,16.48548,0.87302,3.94342,29.93492,86.37216,0.00000
17.93739,26.14146,0.83437,0.00000,31.03115,88.86718,0.00000
32.01632,26.11909,0.80155,2.12988,30.95420,90.15599,0.00000
27.46841,12.05502,0.80442,2.96876,28.65354,88.74581,0.00000
31.18588,23.40993,0.69428,1.36980,30.66506,90.55835,0.00000
25.78691,32.23373,0.82664,3.38195,29.92098,87.46672,0.00000
34.43542,22.61789,0.82365,0.19083,30.22009,87.99313,0.00000
11.01240,10.91663,0.81714,1.46499,28.53619,87.75810,0.00000
14.32664,24.27276,0.81039,2.37615,30.23606,86.43647,0.00000
29.56764,11.10376,0.83317,1.66654,28.64381,89.12389,0.00000
31.39749,34.76552,0.79124,1.11976,30.40832,90.25641,0.00000
22.61477,29.49141,0.71149,4.49682,29.11003,88.36043,0.00000
31.88742,25.46576,0.86130,3.52349,29.22220,87.04368,0.00000
10.89639,25.58627,0.82957,3.59306,31.14885,87.78074,0.00000
31.36494,27.75780,0.83373,3.89782,28.99682,86.06927,0.00000
21.52191,26.63574,0.70032,2.45465,29.81259,88.38004,0.00000
32.29856,24.61624,0.83693,2.00307,29.14541,86.45732,0.00000
11.78657,22.96302,0.86436,3.64736,29.52431,87.30279,0.00000
18.55057,26.77973,0.78029,0.97637,28.88275,89.34441,0.00000
16.20333,25.37478,0.75813,2.28411,28.83696,88.54290,0.00000
24.46254,14.06587,0.76365,2.14608,29.73283,87.00425,0.00000
34.71138,32.75953,0.85377,1.74579,29.80974,87.66706,0.00000
14.81865,14.73180,0.85295,4.88981,29.47954,90.58881,0.00000
21.03586,79.54875,0.87447,2.86448,28.32310,89.68760,0.00000
20.18586,24.56004,0.83194,1.81190,30.97701,90.01260,0.00000
27.63393,22.24162,0.69407,1.62249,29.28239,87.77511,0.00000
32.47342,14.97191,0.79830,3.36494,30.92856,88.67334,0.00000
21.90832,16.30062,0.78173,3.69017,31.57050,87.95800,0.00000
27.43266,19.88380,0.79470,2.20040,30.73699,89.41234,0.00000
10.72587,25.90568,0.84681,2.17423,29.33812,88.23302,0.00000
23.03553,20.24911,0.78564,3.12824,27.97968,88.22433,0.00000
25.15825,29.31618,0.76564,2.14553,30.84835,87.16830,0.00000
34.06225,74.06056,0.77722,2.01263,31.31779,88.00252,0.00000
15.17993,23.14864,0.68876,4.91629,30.74530,87.03434,0.00000
27.24553,23.91227,0.75119,0.91547,28.14912,87.01197,0.00000
91.19458,54.75003,0.84403,1.88677,28.24175,88.50070,0.00000
15.14529,29.37363,0.81172,0.00000,29.17972,87.83237,0.00000
27.99758,27.28825,0.66270,1.87636,29.90689,86.39468,0.00000
11.52001,18.72738,0.81985,2.65589,28.14841,89.32927,0.00000
11.11958,29.98206,0.82987,3.48809,28.63064,87.96766,0.00000
14.20518,20.53081,0.91412,2.67877,30.80503,86.98531,0.00000
34.81955,33.27071,0.74980,3.31286,29.01048,88.00897,0.00000
30.07146,25.64416,0.66558,1.37536,29.39629,89.77206,0.00000
20.92604,14.14748,0.84161,3.21519,29.74327,87.84011,0.00000
33.52286,31.03174,0.82631,0.91763,30.96394,87.51334,0.00000
19.85067,25.57828,0.85625,1.96887,28.51714,88.07869,0.00000
18.64155,21.81718,0.82684,0.97942,29.62291,88.77583,0.00000
33.43754,27.63549,0.85417,3.77640,27.81438,86.43364,0.00000
31.56153,22.14973,0.78302,1.24278,30.62037,88.48213,0.00000
29.16936,32.15915,0.77060,3.26095,29.13803,89.63111,0.00000
19.41580,14.47555,0.73768,2.51559,29.70816,87.97303,0.00000
13.20618,28.12406,0.68610,2.73861,30.54046,89.04383,0.00000
31.98342,14.00367,0.70551,2.12319,30.77472,87.14664,0.00000
29.71060,33.56518,0.76781,4.31284,32.05148,87.02397,0.00000
32.25780,26.51766,0.81535,3.68489,30.03452,88.27013,0.00000
32.01312,23.22941,0.84352,3.34571,28.95372,86.41972,0.00000
24.49914,31.30039,0.73074,4.33208,28.71513,89.05706,0.00000
17.10084,13.26738,0.72503,3.30101,31.95096,89.27177,0.00000
82.16689,83.33463,0.74817,0.71755,29.60804,87.79957,0.00000
30.35943,15.04130,0.79740,2.16109,31.60275,85.66310,0.00000
20.51984,25.75852,0.74046,4.18088,29.45232,88.53933,0.00000
15.52402,11.87963,0.80584,1.65130,29.75050,87.72231,0.00000
31.36477,32.99224,0.87513,1.56408,31.91855,87.65974,0.00000
18.44697,32.59294,0.77284,1.17281,30.91104,88.54506,0.00000
28.42145,23.02577,0.84057,1.48400,28.69504,87.90695,0.00000
25.74769,22.13073,0.80549,2.62354,31.53837,88.13508,0.00000
23.63198,34.51732,0.78323,3.83555,30.94213,88.26429,0.00000
31.02588,31.26736,0.80600,2.48651,32.09332,87.68254,0.00000
28.58776,33.52537,0.75853,2.41833,31.24952,87.07964,0.00000
28.32310,21.85767,0.78344,1.38052,30.12640,89.46678,0.00000
78.72718,87.57062,0.83413,1.91194,30.43907,86.93930,0.00000
31.66085,27.80704,0.73360,2.52143,30.23570,87.87023,0.00000
33.78833,13.95987,0.82344,0.31808,30.48978,87.95830,0.00000
23.81430,34.04952,0.83946,2.80477,28.08813,87.77348,0.00000
23.09532,11.60072,0.71186,2.27539,30.32686,88.25974,0.00000
22.10513,10.57668,0.88598,3.65704,30.23700,89.32523,0.00000
32.57680,33.70869,0.79316,0.43650,30.18796,88.12599,0.00000
34.52255,32.67057,0.83719,3.02827,31.50331,87.03077,0.00000
27.52122,28.97945,0.76434,1.44265,30.88860,87.49211,0.00000
75.80787,75.82446,0.74967,1.41357,29.94332,88.67871,0.00000
11.73615,17.13656,0.77266,3.59345,30.63795,86.38656,0.00000
75.84569,76.62583,0.88996,1.71014,28.40003,87.20807,0.00000
74.80830,71.19297,0.77086,1.68382,30.85169,87.90136,0.00000
72.72102,81.03835,0.80497,3.27045,29.88683,87.85905,0.00000
78.53987,68.12198,0.75736,0.89785,28.31090,87.12926,0.00000
70.94546,65.10484,0.87970,1.80103,30.58448,87.79212,0.00000
82.55643,84.69011,0.81843,3.57785,28.74400,88.72677,0.00000
68.45942,79.77411,0.79126,1.52861,28.07928,89.56592,0.00000
76.11096,70.78029,0.83522,2.68419,29.38417,89.28132,0.00000
69.06714,68.79405,0.74225,3.37187,29.27119,88.66547,0.00000
74.07435,77.32223,0.75908,2.87814,29.99345,86.51513,0.00000
69.05220,79.78988,0.79519,2.76527,29.47455,88.38740,0.00000
66.40041,78.22069,0.79938,2.84831,30.11279,88.27812,0.00000
71.35286,81.38764,0.73437,2.99432,30.78152,87.46550,0.00000
67.86154,77.61676,0.79724,2.18832,32.58443,88.08284,0.00000
69.96955,84.46942,0.83965,1.60941,31.71310,88.85746,0.00000
79.93160,80.52618,0.80303,1.87274,30.96225,86.80647,0.00000
66.57408,69.19900,0.89414,3.59839,28.84872,87.71239,0.00000
79.57024,81.27738,0.81107,2.83377,29.91997,88.72581,0.00000
12.44482,28.15291,0.82356,3.14172,30.50751,89.42666,0.00000
82.70015,81.16239,0.79813,2.29419,30.77460,87.77475,0.00000
75.04321,66.76643,0.69402,3.79406,30.88499,88.44932,0.00000
82.71094,84.33695,0.79481,2.89973,29.84191,88.22198,0.00000
83.07473,67.66452,0.88000,4.29062,29.02254,88.13741,0.00000
82.67369,82.96107,0.81879,3.72586,30.95715,88.38500,0.00000
76.79759,84.46680,0.83269,3.30930,29.21795,87.57559,0.00000
79.53449,71.54110,0.89391,3.96081,29.03302,87.55728,0.00000
67.85748,83.55898,0.75014,1.23982,29.34832,89.04020,0.00000
78.81174,74.69025,0.70295,2.75269,30.54020,87.14554,0.00000
77.46007,77.52077,0.81512,2.55296,30.77182,88.38950,0.00000
78.60669,68.25699,0.78311,1.91826,29.57851,89.58115,0.00000
77.95269,80.72769,0.83234,0.63889,30.41465,87.23672,0.00000
66.05224,77.69774,0.82994,3.05217,31.06965,87.18665,0.00000
83.23672,68.14627,0.83836,2.71147,30.38531,86.91856,0.00000
77.95559,79.14544,0.87674,2.04422,31.32045,87.21123,0.00000
74.89921,65.46813,0.82602,0.70813,30.00662,87.57019,0.00000
68.83839,68.89811,0.84969,4.13837,28.62714,88.62253,0.00000
71.52177,6.47950,0.78817,2.44621,30.87407,87.73341,0.00000
82.99042,79.98616,0.76215,2.80436,30.83758,87.41099,0.00000
84.44390,79.08495,0.70882,4.48746,27.94978,85.61588,0.00000
82.67823,72.03800,0.71526,3.62255,28.29209,86.83194,0.00000
78.35041,77.57190,0.75290,1.40296,30.10023,87.10082,0.00000
84.84051,73.96177,0.78673,2.95107,29.04039,88.74565,0.00000
79.10652,82.09220,0.83637,1.49612,30.23563,89.54364,0.00000
74.74271,79.76643,0.78988,2.12894,28.87227,88.06794,0.00000
66.04614,83.50407,0.75688,2.62293,30.85295,88.88660,0.00000
71.56571,74.47907,0.78316,2.39089,30.16483,86.47234,0.00000
72.53976,65.07383,0.76061,2.26821,29.09655,88.07561,0.00000
76.02206,68.80168,0.81257,1.25625,29.89346,88.11929,0.00000
81.96051,79.05852,0.85486,2.80533,28.45539,87.99511,0.00000
77.73947,83.67922,0.83349,0.68446,29.97132,87.69045,0.00000
48.98447,87.46434,0.82029,3.31414,31.36689,86.93658,0.00000
74.64756,77.40578,0.74490,3.69218,30.49970,88.60272,0.00000
71.77263,83.69565,0.70344,2.74756,29.88747,86.69769,0.00000
83.49841,81.11037,0.74349,2.90447,28.79455,89.74126,0.00000
66.04529,70.46577,0.75343,2.79202,30.81999,88.55355,0.00000
66.00738,78.04230,0.79336,6.32629,30.19260,89.31555,0.00000
80.93355,70.98707,0.81503,0.43156,29.31044,88.08234,0.00000
74.89707,70.13419,0.80586,3.28986,30.65151,89.02277,0.00000
72.33888,77.18855,0.78071,2.13583,32.29280,86.92111,0.00000
82.76425,77.26904,0.88325,3.60415,30.01760,87.67528,0.00000
69.49471,72.57900,0.79808,3.81945,28.72473,87.22618,0.00000
65.19980,74.46493,0.92433,1.53111,30.46071,86.38927,0.00000
80.02153,80.51504,0.71824,3.09436,28.76674,87.80463,0.00000
5.11025,58.93435,0.74327,1.89652,32.18561,89.60186,0.00000
79.92115,81.64817,0.73378,3.17493,30.18126,88.24800,0.00000
11.66069,63.97600,0.79651,4.10765,31.06257,87.43591,0.00000
73.31053,71.12900,0.81133,2.95653,29.98232,88.26627,0.00000
72.11056,17.02324,0.84391,3.37465,30.49275,86.75265,0.00000
69.65323,8.00862,0.79677,2.55733,32.24948,87.77930,0.00000
81.62692,75.61166,0.74870,0.28977,31.06858,87.89589,0.00000
71.17769,65.41503,0.78149,0.60658,32.02179,88.70485,0.00000
68.04392,82.08029,0.79642,3.39093,31.64662,85.59995,0.00000
70.57052,78.51551,0.78244,3.45108,29.14168,87.56767,0.00000
77.73372,76.95768,0.78461,0.00000,29.00940,86.25864,0.00000
67.05887,73.36761,0.79273,2.02456,28.96712,87.31240,0.00000
69.46165,76.94420,0.79845,3.41536,29.07087,85.81291,0.00000
70.63141,81.72856,0.74098,2.81817,30.27149,88.32433,0.00000
81.43140,83.69814,0.79490,2.92912,31.67176,87.86904,0.00000
75.96065,73.92685,0.83716,0.89048,30.46579,87.94905,0.00000
84.20214,83.68594,0.91270,3.02184,29.88242,87.51168,0.00000
74.99888,70.51147,0.82871,2.18695,29.13553,89.32508,0.00000
69.52805,65.15567,0.78617,3.63525,29.15658,87.01926,0.00000
77.45876,69.92582,0.82965,2.90320,30.93490,87.93516,0.00000
73.12917,74.17121,0.81190,0.06208,30.58170,87.92019,0.00000
81.68118,82.30414,0.81832,2.82949,28.67980,88.28599,0.00000
77.23430,12.96740,0.75796,2.28748,30.64804,88.19080,0.00000
65.43809,65.77069,0.79688,2.57447,28.95011,87.62835,0.00000
81.27866,78.29093,0.80889,1.66921,31.13569,87.15769,0.00000
75.06567,74.45263,0.79677,2.57630,29.42994,88.01951,0.00000
78.06955,69.92731,0.75668,2.56244,28.88195,88.92462,0.00000
84.36583,69.15491,0.77026,3.01595,28.75530,90.44308,0.00000
77.84623,66.20568,0.82838,1.87030,29.35651,86.35936,0.00000
65.38697,81.01325,0.69385,4.26890,30.30062,89.09123,0.00000
70.28332,73.88284,0.81627,1.46193,28.59306,86.98870,0.00000
74.80650,80.41477,0.85199,1.83049,31.07592,86.60348,0.00000
81.30451,71.80933,0.75341,3.82337,29.62920,88.25867,0.00000
77.69187,65.35768,0.71658,1.16787,29.77352,87.97983,0.00000
72.87834,68.56009,0.80717,2.00386,30.63313,87.28203,0.00000
83.77504,78.62933,0.75274,3.50543,29.81855,87.57205,0.00000
66.53482,75.34794,0.93591,5.95972,30.43018,87.63057,0.00000
63.67797,65.46194,0.83741,1.60169,15.04018,67.40580,1.00000
98.57202,36.11084,0.98599,1.42041,15.20161,69.69813,1.00000
63.75572,43.66658,0.91195,1.62795,15.14216,86.98730,1.00000
16.47211,58.68387,1.00119,1.52109,14.78733,81.40763,1.00000
77.08080,54.79113,0.95507,1.48835,14.32336,76.45978,1.00000
76.50241,54.12719,0.94069,1.55424,14.00367,84.32161,1.00000
80.07813,62.75600,0.88672,1.48392,13.13765,82.94908,1.00000
89.70576,47.14373,0.87956,1.49712,14.90246,83.32177,1.00000
16.80096,93.01721,0.86014,1.61464,15.91820,81.78470,1.00000
74.72247,59.05208,0.87654,1.35452,14.65670,77.36761,1.00000
6.52068,48.22326,0.85098,1.31440,13.08341,75.51943,1.00000
79.19028,32.57158,0.95176,1.64653,14.26718,73.00128,1.00000
76.62985,65.67394,0.85064,1.54086,14.84025,74.35609,1.00000
42.57671,38.91507,0.88342,1.59383,14.99599,84.73407,1.00000
34.00767,53.15578,0.88001,1.56655,14.59359,85.35058,1.00000
23.03564,47.69239,0.88950,1.54065,14.40816,93.86985,1.00000
93.12494,59.79694,0.95735,1.44657,14.83462,83.62119,1.00000
40.81731,42.08947,0.92063,1.53187,14.77562,77.54216,1.00000
65.71045,67.88179,0.88774,1.59047,15.77837,75.79809,1.00000
42.11460,56.48695,0.96309,1.62649,15.12497,80.78754,1.00000
75.33244,61.00799,0.89856,1.64297,12.53159,74.60060,1.00000
28.59396,54.03783,0.82774,1.56552,16.00373,81.39982,1.00000
88.83928,61.08673,0.85420,1.49805,14.65641,87.68279,1.00000
13.20567,44.61047,0.92677,1.61790,13.95707,79.14003,1.00000
21.31607,57.63418,0.93486,1.47060,16.18458,81.97267,1.00000
32.99021,41.67275,0.82674,1.59896,17.09245,85.08658,1.00000
86.00436,31.31878,0.88792,1.40233,15.69975,77.64092,1.00000
88.36269,41.21003,0.89290,1.50840,15.00456,83.17353,1.00000
72.78153,43.81586,0.87537,1.52067,15.34525,86.01547,1.00000
2.73470,52.55978,0.86425,1.54046,14.12042,80.23004,1.00000
91.97256,37.43255,0.87388,1.47393,14.28845,79.83755,1.00000
18.44170,59.49312,0.83914,1.45808,13.12346,83.73288,1.00000
82.62926,57.29718,0.93223,1.43857,14.76442,74.10090,1.00000
54.79982,60.51535,0.87689,1.60764,14.79645,78.16366,1.00000
76.29836,57.88805,0.85994,1.54799,13.66311,82.64196,1.00000
77.61411,42.36313,0.83813,1.33466,16.01202,88.20240,1.00000
88.40395,41.95960,0.80650,1.31539,14.87051,85.18454,1.00000
17.88108,33.63686,0.95279,1.53751,14.33175,75.77186,1.00000
72.96081,56.76282,0.89570,1.46487,14.51329,80.13229,1.00000
80.40097,54.72421,0.94186,1.42384,13.89267,85.10657,1.00000
52.85103,30.97418,0.93279,1.44191,15.88018,86.06194,1.00000
35.36605,45.72376,0.90626,1.54608,14.25717,74.89917,1.00000
72.90278,45.43671,1.00167,1.65776,14.47803,81.87265,1.00000
67.93815,38.57915,0.86943,1.42053,14.60665,78.69495,1.00000
69.53532,51.11291,0.86453,1.63011,16.18639,75.73784,1.00000
8.88609,43.98595,0.87386,1.43860,14.21383,74.89541,1.00000
90.38420,64.31145,0.93342,1.44144,13.60162,86.76340,1.00000
56.76067,4.20038,0.87061,1.62731,14.40793,82.53900,1.00000
19.06818,52.60991,0.84997,1.55471,15.26246,80.48221,1.00000
82.52578,58.67344,0.88133,1.57260,13.80580,83.21006,1.00000
94.01406,24.64917,0.91436,1.39848,15.96205,73.31347,1.00000
27.58462,43.79326,0.85849,1.38894,14.93956,78.59990,1.00000
35.49252,5.61594,0.89961,1.78179,15.93518,82.87391,1.00000
76.52555,45.49834,0.80792,1.37578,12.96184,78.71585,1.00000
84.33099,47.02817,0.95107,1.67819,14.91864,88.80145,1.00000
7.40377,56.28489,0.91679,1.64310,13.83958,83.97558,1.00000
38.40538,63.45885,0.82576,1.27326,14.22494,81.02718,1.00000
35.13428,39.69588,0.88387,1.30322,13.19366,84.11912,1.00000
44.51336,43.04259,0.82063,1.53256,14.06363,83.90034,1.00000
70.05396,52.62510,0.97254,1.58022,16.07542,87.74215,1.00000
49.71534,68.31219,0.92641,1.49493,14.55230,82.66560,1.00000
26.58842,48.71212,1.00781,1.51104,15.85584,92.78713,1.00000
75.44015,49.67339,0.92033,1.47334,14.85426,79.76601,1.00000
27.14330,64.40762,0.98197,1.59374,13.20616,88.05683,1.00000
56.22478,44.54373,0.88528,1.53323,13.40602,70.87465,1.00000
67.45131,39.24558,0.95812,1.51873,14.70246,88.63746,1.00000
66.82034,49.36833,0.94012,1.42404,16.23726,89.42785,1.00000
24.57049,52.46393,0.96562,1.69976,13.76654,84.82379,1.00000
48.99147,57.22374,0.91427,1.35180,15.71729,79.28678,1.00000
3.87072,57.77603,1.02662,1.35860,15.63968,84.20256,1.00000
29.59034,44.11373,0.95481,1.51163,14.55440,81.11926,1.00000
14.48653,33.11140,0.90242,1.48606,14.93253,77.64227,1.00000
91.27867,31.20543,0.93145,1.47578,15.28010,72.10465,1.00000
94.60259,53.00397,0.89829,1.34277,15.90685,91.79172,1.00000
25.13421,57.96730,0.91793,1.41429,13.29907,82.39015,1.00000
17.30605,42.08324,0.89557,1.78937,14.74573,67.61164,1.00000
28.15108,30.95385,0.89245,1.57599,14.05390,86.92730,1.00000
98.24418,61.96760,0.85834,1.53773,15.98522,85.08430,1.00000
36.91530,42.41126,0.89902,1.55901,15.95742,91.62875,1.00000
53.15850,61.24019,0.87027,1.52908,15.35724,79.14684,1.00000
64.90364,41.04862,0.92602,1.69308,16.74180,76.59205,1.00000
80.53703,44.51003,0.88195,1.34112,14.31597,90.98366,1.00000
23.94638,35.97978,0.86116,1.58353,15.28459,79.97739,1.00000
76.06842,30.19666,0.95472,1.35952,13.65073,73.05715,1.00000
45.65108,46.23600,0.92611,1.48065,16.45970,78.75450,1.00000
13.69308,54.84306,0.83828,1.51755,16.48998,83.79715,1.00000
67.95764,60.99868,0.85085,1.35070,14.78130,78.09599,1.00000
62.27964,62.69860,0.89061,1.49222,16.08177,76.95877,1.00000
73.00107,88.56192,0.94403,1.50786,14.50377,88.99444,1.00000
92.05063,28.09433,0.89134,1.40739,16.55905,75.04240,1.00000
65.12389,39.53291,0.95629,1.57476,16.44474,76.63704,1.00000
78.40931,50.37017,0.90087,1.54050,15.53769,84.82792,1.00000
97.95654,45.21631,0.89053,1.51089,15.97053,67.18644,1.00000
42.47580,66.69149,0.92854,1.57657,15.73303,78.63678,1.00000
23.58397,59.13327,0.98577,1.47606,13.78339,88.08822,1.00000
58.74757,35.24797,0.86463,1.53086,14.88006,77.72009,1.00000
89.43324,52.50291,0.88419,1.48569,14.62958,81.37999,1.00000
80.74971,76.81977,0.85577,1.65675,15.46931,81.28906,1.00000
27.67846,64.22283,0.91273,1.46489,12.33356,85.70130,1.00000
34.46991,58.40986,0.89148,1.55936,15.18180,85.16213,1.00000
6.76401,31.22409,0.93443,1.49650,16.04904,88.51188,1.00000
58.55971,40.44493,0.95120,1.52547,16.29114,77.15697,1.00000
61.93877,63.37495,0.78949,1.51821,15.51676,86.49937,1.00000
75.23710,54.43754,0.96784,1.60798,14.43261,73.19959,1.00000
59.84130,52.46951,0.85864,1.36521,14.97880,89.88644,1.00000
29.12743,52.48275,0.92624,1.49601,15.11178,75.14452,1.00000
23.74891,36.95446,0.96874,1.36244,16.38257,81.86664,1.00000
37.01048,56.35588,0.91803,1.45792,14.37590,87.58265,1.00000
71.73280,55.53950,0.91154,1.18548,15.99349,85.36914,1.00000
47.25288,36.97764,0.92019,1.37078,14.96837,77.34140,1.00000
85.27061,32.34374,0.97717,1.50800,14.51264,75.75218,1.00000
12.02059,51.19794,0.85091,1.63695,14.33136,71.09088,1.00000
26.69701,66.15786,0.93864,1.39170,15.17941,82.49166,1.00000
99.72776,42.81365,0.99764,1.44067,15.34095,83.27001,1.00000
39.80102,59.81992,0.94534,1.56759,17.45211,87.75661,1.00000
91.63522,65.43723,0.85773,1.55199,13.97984,85.70632,1.00000
90.63043,48.05412,0.88870,1.57410,14.96274,83.67795,1.00000
88.83172,57.39972,0.93960,1.48021,13.81909,84.91519,1.00000
99.85256,38.58811,0.82353,1.68600,15.51171,77.48307,1.00000
49.76572,39.44986,0.86842,1.38313,13.89114,80.84055,1.00000
82.74469,59.25990,0.92598,1.39685,16.90086,74.78237,1.00000
34.02201,60.67452,0.91891,1.44191,14.11222,70.60980,1.00000
15.55099,66.60133,0.82132,1.42968,14.82020,86.80646,1.00000
0.47396,37.23642,0.86845,1.64626,15.82224,80.48942,1.00000
33.98105,41.66256,0.89694,1.52768,15.44222,85.27970,1.00000
44.18450,35.64933,0.82838,1.44464,13.53821,86.98160,1.00000
85.21766,38.64745,0.88060,1.63483,12.11434,76.41366,1.00000
72.06591,47.73796,0.84721,1.51337,14.09907,88.88633,1.00000
33.32194,34.53130,0.91814,1.41035,15.39928,82.11975,1.00000
34.98631,43.06396,0.89735,1.51508,14.65351,86.01651,1.00000
2.58660,39.51228,0.90928,1.65500,13.94575,85.55254,1.00000
14.36743,57.48550,0.96593,1.54091,15.03572,81.22559,1.00000
33.58139,96.43616,0.95217,1.55269,15.43750,81.64598,1.00000
46.55784,64.42707,0.91192,1.38674,15.57027,86.79130,1.00000
52.56670,47.63099,0.91483,1.49668,15.22578,68.40869,1.00000
73.33383,97.64657,0.87142,1.63574,15.38394,81.70330,1.00000
10.05896,47.04612,0.95984,1.51861,14.39296,79.26755,1.00000
95.05538,43.64628,0.82420,1.62976,15.63335,84.03238,1.00000
82.55914,40.59160,0.86403,1.42865,15.43544,79.51385,1.00000
75.53949,48.34889,0.91888,1.57331,15.11011,80.40511,1.00000
43.06636,39.89602,0.86300,1.44435,14.66022,89.16432,1.00000
18.80422,32.51101,0.84700,1.40617,15.51009,86.55233,1.00000
13.20861,52.27799,0.90855,1.62467,16.14590,82.09961,1.00000
92.97097,43.01271,0.90514,1.58676,15.52863,85.74252,1.00000
1.83326,74.13416,0.82212,1.55640,13.30385,77.48571,1.00000
51.73605,53.65296,0.82254,1.53428,14.52363,80.73589,1.00000
40.54012,50.79254,0.89885,1.45263,15.87899,77.95760,1.00000
38.66027,65.41782,1.00161,1.43179,15.48119,86.74690,1.00000
52.00196,34.96286,0.85717,1.53248,14.18024,76.14626,1.00000
82.59157,41.89089,0.76948,1.28374,13.72650,88.43825,1.00000
88.99493,40.50620,0.88508,1.47187,14.80752,77.05900,1.00000
39.23306,32.55501,0.91624,1.55384,13.59010,73.10700,1.00000
93.85079,41.54209,0.90287,1.58226,14.23960,87.73234,1.00000
88.07360,38.96498,0.89904,1.45028,15.44557,79.25764,1.00000
35.80562,31.88889,0.92747,1.61689,14.40224,79.72688,1.00000
45.82640,68.64254,0.89381,1.49249,15.82900,84.13846,1.00000
28.16705,36.24691,0.81339,1.47822,14.57107,87.82024,1.00000
88.52094,67.69616,0.89663,1.41198,15.62082,82.46814,1.00000
30.64378,58.21092,0.93059,1.47161,15.43098,80.67645,1.00000
61.25763,63.75763,0.91136,1.40370,14.53641,73.69230,1.00000
85.45889,61.10160,0.90383,1.41852,14.79232,84.85094,1.00000
45.25418,57.92411,0.89205,1.43554,14.69213,82.54465,1.00000
48.82172,34.11297,0.89881,1.44378,15.45776,73.02426,1.00000
8.19161,48.96380,0.98678,1.45744,15.36703,83.07268,1.00000
83.81489,54.15184,0.89460,1.46389,15.89244,86.12709,1.00000
18.67931,68.62673,0.84375,1.40112,14.70253,92.64346,1.00000
28.68941,41.44357,0.94074,1.67748,14.93824,78.60651,1.00000
6.20500,50.73540,0.86155,1.58034,15.15869,88.07500,1.00000
95.00868,44.65588,0.89705,1.43799,16.65982,85.92771,1.00000
10.64849,35.92961,0.90448,1.51800,15.98275,86.61385,1.00000
68.18003,60.23900,0.94080,1.60309,15.33689,80.10614,1.00000
35.59876,39.05892,0.92543,1.66374,14.39047,71.73055,1.00000
73.48774,68.73667,0.88874,1.45237,14.05873,81.98310,1.00000
36.62354,36.23996,0.81039,1.39559,14.39968,81.19166,1.00000
19.35367,65.17044,0.88301,1.28306,12.61583,72.47055,1.00000
34.48848,53.76654,0.75916,1.56914,16.25316,85.94173,1.00000
3.18585,32.83357,0.88322,1.64140,13.38319,68.64743,1.00000
76.41981,57.42036,0.93379,1.43179,15.45216,88.03920,1.00000
11.67576,69.39155,0.96132,1.58020,15.15246,73.01002,1.00000
44.21805,45.40890,0.90185,1.50881,15.72092,80.42369,1.00000
44.52619,44.55540,0.89546,1.43142,16.19314,78.39075,1.00000
22.79451,58.99299,0.81112,1.46700,14.66199,75.97817,1.00000
76.43984,45.55450,0.83296,1.53751,16.66709,79.19000,1.00000
21.52263,65.52070,0.96499,1.59499,14.73433,86.46216,1.00000
96.87786,53.80346,0.89717,1.42250,15.06990,67.09987,1.00000
36.57711,65.32429,0.95475,1.57255,15.19352,85.58626,1.00000
47.26747,55.16496,0.92292,1.49661,14.47634,86.43128,1.00000
34.12878,45.98696,0.89070,1.55670,14.50275,77.32388,1.00000
27.55484,30.41522,1.03736,1.56089,14.78151,99.00000,1.00000
55.47016,57.13071,0.88460,1.53726,15.05834,70.23162,1.00000
18.84130,56.76954,0.87417,1.38317,14.92341,76.18379,1.00000
67.11224,51.92846,0.89129,1.37229,14.07650,74.02218,1.00000
84.93350,53.27489,0.85586,1.51203,14.50649,87.85429,1.00000
23.98926,30.07103,0.89611,1.67275,15.83666,81.40885,1.00000
46.40778,42.31860,0.92249,1.34909,15.30201,82.39967,1.00000
4.55267,58.46441,0.92881,1.53270,14.61153,81.01691,1.00000
15.62249,57.14644,0.88172,1.55294,16.66975,69.65158,1.00000
99.31866,30.72011,0.90103,1.71052,16.23363,85.53938,1.00000
55.07015,24.75720,0.96018,1.65063,14.84675,85.26866,1.00000
72.79581,65.82380,0.90824,1.54901,14.15206,73.38456,1.00000
8.56394,72.60053,0.35929,1.16436,6.18062,70.43984,2.00000
6.98218,72.98018,0.36564,1.35590,13.57834,66.58233,2.00000
92.48483,90.20277,0.48441,1.26932,40.45837,71.29039,2.00000
25.99416,84.64199,0.41906,1.21958,30.11187,70.83961,2.00000
29.35627,99.53836,0.35147,1.41294,14.55715,69.34553,2.00000
39.80039,84.23671,0.35683,1.40320,29.70584,70.75361,2.00000
27.72743,88.48886,0.45746,1.21897,9.61415,69.80943,2.00000
15.63126,82.83171,0.37219,1.24310,26.89532,72.13176,2.00000
7.96869,99.70180,0.40404,1.32610,5.77742,72.15763,2.00000
34.52626,91.36396,0.35060,1.21187,44.08170,66.11195,2.00000
9.26406,84.66323,0.42290,1.12094,27.96029,68.36511,2.00000
11.28110,85.33627,0.38844,1.22625,47.69095,70.88998,2.00000
21.16934,71.03214,0.40957,1.19196,9.04246,74.56072,2.00000
19.09251,76.60324,0.45530,1.26598,32.71264,73.32898,2.00000
91.20457,76.42291,0.41154,1.09481,3.07247,69.95699,2.00000
37.48284,76.26633,0.41592,1.13041,17.40770,69.72975,2.00000
34.69465,73.87983,0.31535,1.03413,25.11719,70.70366,2.00000
24.84969,84.08424,0.46695,1.14999,20.59954,70.17682,2.00000
43.06006,26.11468,0.38724,1.19494,2.58682,68.89389,2.00000
10.43597,99.90751,0.47685,1.18462,28.64529,70.75434,2.00000
18.63240,85.11207,0.35418,1.26575,22.98817,69.31732,2.00000
38.43097,82.94876,0.47303,1.12723,18.27666,71.30197,2.00000
29.47664,91.78094,0.38007,1.22398,33.37012,67.74159,2.00000
34.22159,77.96550,0.37098,1.25589,39.15364,67.08394,2.00000
37.00898,76.69432,0.38125,1.23313,20.58743,69.48311,2.00000
7.75630,98.29686,0.47220,1.08615,0.00000,68.87163,2.00000
8.38276,98.73260,0.42267,1.20986,45.84433,70.05042,2.00000
19.47569,69.15430,0.40478,1.22639,22.68445,72.26331,2.00000
20.74273,73.83894,0.40021,1.07025,5.05349,69.06448,2.00000
35.69595,93.34048,0.42065,1.25191,25.18184,66.99949,2.00000
84.48281,43.90950,0.42833,1.28740,30.59149,70.80453,2.00000
43.48149,92.33344,0.36927,1.26064,7.65281,73.62219,2.00000
29.68263,79.06894,0.37801,1.26185,30.07913,72.10853,2.00000
33.35126,73.73588,0.38648,1.10383,26.80778,68.48370,2.00000
40.65035,94.60119,0.38366,1.11175,11.20336,70.58267,2.00000
44.35587,81.43090,0.39487,1.47736,7.93008,68.55242,2.00000
31.92619,95.10285,0.44763,1.07198,13.36937,69.81167,2.00000
35.34595,72.33614,0.37473,1.16518,31.14846,70.52006,2.00000
17.05028,89.77015,0.49313,1.14918,23.95745,69.20530,2.00000
16.45548,82.09423,0.41282,1.32748,34.67706,69.59370,2.00000
28.93645,85.63662,0.39508,1.02121,24.38227,65.83015,2.00000
10.24377,33.75445,0.44716,1.12064,20.67868,69.16218,2.00000
18.32611,62.97189,0.44988,1.17997,35.02466,72.04465,2.00000
13.69971,92.31076,0.32569,1.32725,0.00000,69.44474,2.00000
8.23866,84.66259,0.42291,1.37649,19.21594,70.36116,2.00000
5.68695,87.73652,0.46193,1.05236,23.25906,69.68982,2.00000
0.95996,99.28716,0.33154,1.30569,14.34843,68.98362,2.00000
32.01978,79.00828,0.48156,1.35183,23.80626,69.11963,2.00000
27.96324,98.54491,0.32109,1.07741,18.34603,67.60180,2.00000
12.60230,84.17610,0.34709,1.27133,21.19055,70.18124,2.00000
42.14293,72.51635,0.40661,1.12858,31.87135,71.77811,2.00000
31.21050,96.17261,0.41432,1.13522,12.33406,69.87466,2.00000
22.69264,90.32107,0.35855,1.20567,21.04398,70.07945,2.00000
16.82359,89.85409,0.39525,1.06916,30.58191,65.96393,2.00000
8.74043,80.92039,0.40454,1.20422,28.31664,70.83944,2.00000
43.67587,74.74688,0.34858,1.15775,12.70066,70.74773,2.00000
7.34539,66.32665,0.37034,1.15228,0.00000,68.20974,2.00000
20.11584,80.62971,0.34220,1.20400,12.00085,70.78012,2.00000
17.99637,90.11455,0.44685,1.25941,24.51741,71.30427,2.00000
25.43863,75.49434,0.35977,1.41568,21.78686,70.77263,2.00000
38.83668,90.15165,0.47398,1.04658,16.52571,75.06980,2.00000
7.27589,85.97011,0.35475,1.32586,19.91137,68.75667,2.00000
8.52881,75.45980,0.35494,1.19505,33.90345,70.01224,2.00000
40.26326,94.28521,0.31478,1.22810,13.07615,71.31857,2.00000
5.77881,76.15499,0.36300,1.28567,23.13431,68.60240,2.00000
27.67868,67.83768,0.34773,1.31985,28.28727,69.45547,2.00000
43.98327,94.08642,0.44133,1.32683,7.18744,70.08536,2.00000
39.67425,95.23333,0.52940,1.16505,17.86392,71.29850,2.00000
38.84019,86.39819,0.36339,1.31149,21.28681,69.51081,2.00000
89.71192,13.05447,0.44816,1.24084,23.43425,69.51856,2.00000
19.62634,91.99105,0.40251,1.08812,35.14462,71.30880,2.00000
35.18875,81.04463,0.42230,1.18895,3.36843,71.64757,2.00000
18.67762,91.86553,0.47334,1.32060,47.91745,69.77200,2.00000
17.61358,74.40823,0.44835,1.15480,24.72236,70.00893,2.00000
32.07144,74.01056,0.44351,0.98081,34.18340,72.85046,2.00000
16.49264,88.27413,0.39026,1.33641,21.39359,68.23258,2.00000
21.97349,88.68410,0.38124,1.43557,15.13472,73.39311,2.00000
27.82455,65.23129,0.40129,1.21204,16.85786,65.00624,2.00000
29.64854,68.90636,0.51333,1.11652,7.91990,68.74533,2.00000
28.68303,73.28017,0.45476,1.11860,9.82081,66.33541,2.00000
20.82126,79.47225,0.38130,1.28042,34.63799,67.09811,2.00000
9.39008,93.02083,0.38931,1.13970,24.48078,73.20853,2.00000
14.56054,85.63323,0.38373,1.35329,37.46985,71.76211,2.00000
7.17317,82.43268,0.43178,1.26208,5.35210,71.13460,2.00000
44.92599,94.82083,0.39756,1.14702,27.43270,71.25930,2.00000
5.71384,85.87252,0.43825,1.07714,34.57978,71.85309,2.00000
20.14762,89.77246,0.34354,1.27769,47.93914,67.46765,2.00000
40.29602,76.38861,0.44485,1.12053,0.00000,72.94440,2.00000
25.47944,69.68662,0.32763,1.30458,18.96342,72.37768,2.00000
12.91114,83.27843,0.34378,1.26779,24.61631,68.30163,2.00000
38.63100,93.67698,0.39020,1.19485,34.04781,69.49232,2.00000
40.57809,85.71985,0.41713,1.40110,28.26916,67.54040,2.00000
21.03112,96.39483,0.41717,1.13596,21.81090,70.63498,2.00000
9.26869,65.02653,0.36326,1.13461,27.86763,73.63655,2.00000
12.97840,89.04593,0.30464,1.16508,16.67919,70.83363,2.00000
33.90131,79.19033,0.38271,1.17802,36.49424,70.12831,2.00000
12.84422,68.93550,0.32945,1.16719,28.80415,66.68338,2.00000
38.13366,72.63282,0.41563,0.95791,4.73937,72.90241,2.00000
9.16965,86.85442,0.36865,1.25551,39.59906,67.87942,2.00000
30.09414,68.24264,0.34476,1.25822,4.62742,72.29168,2.00000
28.37457,72.90478,0.41928,1.14266,2.24133,70.33897,2.00000
18.54777,74.11724,0.45343,1.28359,11.46736,69.88609,2.00000
36.60352,91.84688,0.35574,1.17994,13.12330,67.38596,2.00000
43.96895,99.29501,0.48783,1.16145,5.45769,69.61920,2.00000
6.14771,97.70981,0.35691,1.11963,43.44387,71.37121,2.00000
26.40631,84.58272,0.37251,1.12208,17.15140,69.16387,2.00000
30.75370,82.53968,0.30811,1.07327,32.62568,72.12112,2.00000
25.59496,95.07293,0.44919,1.11627,32.53898,69.92613,2.00000
23.15469,68.04223,0.43700,1.25570,34.42389,69.53888,2.00000
21.59402,74.56701,0.37578,1.26375,25.89470,66.51561,2.00000
32.02675,93.05876,0.36653,1.03088,19.65104,71.33009,2.00000
23.99813,94.31289,0.42834,1.11107,17.51687,66.33493,2.00000
44.86366,87.95119,0.33248,1.21144,35.94401,70.31937,2.00000
75.86795,71.03260,0.46761,1.24419,0.00000,66.97245,2.00000
7.42459,83.44877,0.42388,1.31672,35.54465,71.74930,2.00000
41.22742,75.93023,0.42264,1.20611,34.60974,71.38029,2.00000
33.57040,69.83286,0.37145,1.22138,30.59183,71.41607,2.00000
9.17741,86.30931,0.47401,1.21560,20.50084,69.76554,2.00000
23.63063,92.94875,0.39745,1.28034,31.42333,65.22371,2.00000
31.42711,74.28113,0.51800,1.05025,22.96189,70.46290,2.00000
44.41603,84.24090,0.43979,1.21915,7.89116,70.09298,2.00000
40.35027,70.51544,0.33510,1.36460,25.57208,72.91410,2.00000
22.13609,92.29488,0.41133,1.18853,33.62180,67.32158,2.00000
12.66099,98.93400,0.41422,1.20530,19.16643,66.29750,2.00000
5.86166,77.29723,0.40908,1.26955,27.26052,72.24530,2.00000
10.93721,79.10908,0.33667,1.31372,33.43842,68.01316,2.00000
43.07067,89.54624,0.37641,1.25315,10.25753,70.39543,2.00000
12.55752,71.41845,0.44797,1.19809,15.36510,70.40919,2.00000
33.24628,96.89678,0.41746,1.21740,16.40125,66.28990,2.00000
19.51697,80.36896,0.39777,0.96935,15.18926,68.84633,2.00000
23.25785,88.16356,0.37211,1.16903,23.25982,67.52311,2.00000
40.82352,74.26318,0.38540,1.26990,22.07808,67.94897,2.00000
23.53474,94.74173,0.46085,1.30180,1.76098,73.53995,2.00000
17.27334,41.16507,0.40159,1.10610,33.49174,68.05454,2.00000
22.13906,76.49294,0.34407,1.23648,21.53995,69.83152,2.00000
6.79905,73.19557,0.38211,1.35813,15.36481,68.15585,2.00000
42.10121,82.77531,0.38362,1.18494,27.02171,70.91738,2.00000
35.23001,80.19168,0.42823,1.22093,8.43114,70.82001,2.00000
32.22437,79.87227,0.35296,1.21731,8.32157,67.16740,2.00000
25.73859,82.96530,0.36799,1.33203,15.33524,67.01116,2.00000
22.12208,69.34725,0.33644,1.33215,18.75920,68.67079,2.00000
42.45423,98.59355,0.35419,1.20505,26.66259,66.21011,2.00000
21.55416,75.46112,0.42041,1.19930,11.38221,68.92247,2.00000
35.37761,69.89005,0.41008,1.08777,24.15705,66.26010,2.00000
8.53446,88.56525,0.46542,1.02989,36.00500,69.68704,2.00000
30.55173,87.60089,0.43542,1.11868,22.48754,70.87590,2.00000
13.50743,99.27366,0.39527,1.43474,19.95582,68.23598,2.00000
7.02621,79.60027,0.41078,1.14330,42.39859,75.08757,2.00000
17.03424,98.86423,0.42267,1.16444,24.01181,68.15657,2.00000
29.28238,95.30687,0.43924,1.10385,19.75302,68.99863,2.00000
8.22187,81.65430,0.40878,1.20191,34.72421,72.39759,2.00000
2.11702,32.38727,0.33919,1.33367,17.61591,68.86155,2.00000
18.79088,88.86946,0.37038,1.11209,16.09400,72.09818,2.00000
6.12731,65.27874,0.43788,1.16706,4.07455,71.78118,2.00000
11.36850,88.04674,0.44688,1.24953,27.04628,70.12663,2.00000
32.74222,91.05630,0.37517,1.21061,49.28494,72.23229,2.00000
19.01883,0.73631,0.37666,1.27209,22.87724,73.16604,2.00000
32.30496,68.08162,0.40455,1.38311,24.67001,68.80264,2.00000
33.18428,68.17669,0.37104,1.23747,16.55387,70.01361,2.00000
43.55894,69.10601,0.30814,1.13948,10.16730,71.75426,2.00000
5.44680,72.41652,0.42814,1.16488,33.31845,72.83757,2.00000
44.39397,72.47202,0.44493,1.16095,27.89217,70.17297,2.00000
24.27822,69.70120,0.35582,1.16228,27.09177,70.08288,2.00000
23.58596,83.01848,0.36738,1.05877,26.19548,69.05168,2.00000
17.76155,91.60400,0.39145,1.15879,22.01136,67.23627,2.00000
24.66562,80.16006,0.47220,1.24329,8.22358,69.44439,2.00000
25.28373,93.85081,0.43195,1.18963,20.38898,71.73922,2.00000
6.22538,89.58393,0.36922,1.23219,36.65893,70.77124,2.00000
10.10423,74.61019,0.47208,1.28274,5.45472,68.69910,2.00000
86.23048,66.42774,0.34440,1.08465,20.94221,69.26311,2.00000
20.03750,78.53969,0.38924,1.24759,24.67344,71.65688,2.00000
18.92540,96.51755,0.34070,1.12679,21.33849,68.68711,2.00000
19.18091,70.31774,0.34675,1.20169,20.32492,68.52585,2.00000
24.18439,70.46149,0.49847,1.19029,15.58213,71.97900,2.00000
79.91334,79.34837,0.37519,1.06667,28.84675,72.41512,2.00000
13.30344,94.05847,0.40371,1.17141,31.24165,67.50695,2.00000
15.06506,95.29308,0.36217,1.24458,37.01537,68.42818,2.00000
76.33153,34.15457,0.42931,1.31743,8.98108,66.71289,2.00000
12.78242,80.34289,0.48688,1.31798,29.99625,66.48751,2.00000
44.17932,99.92838,0.28570,1.31697,6.33577,69.74456,2.00000
33.29342,80.49556,0.40545,1.23903,16.18180,70.85467,2.00000
10.56814,81.48194,0.45823,1.16975,23.61798,67.86768,2.00000
63.79029,86.29978,0.40099,1.22674,9.96371,69.49164,2.00000
28.67734,82.84247,0.45477,0.98270,50.46199,71.35433,2.00000
13.37765,90.39079,0.36266,1.18626,51.01432,67.66111,2.00000
32.93059,73.30783,0.47589,1.18693,30.70328,68.99734,2.00000
36.40323,77.83128,0.37992,1.22659,7.10603,69.73514,2.00000
36.27905,86.60445,0.50001,1.02548,49.29151,68.07685,2.00000
13.86897,6.52486,0.34555,1.30494,28.81742,70.02379,2.00000
18.88257,92.73683,0.42377,1.17379,36.45795,73.70814,2.00000
16.42679,91.89443,0.36670,1.16656,29.32159,68.91336,2.00000
20.13975,75.49266,0.35175,1.29740,36.88462,72.99571,2.00000
16.60705,96.92193,0.33212,1.28771,23.53057,71.18843,2.00000
14.95243,85.52738,0.33715,1.06824,19.81798,69.19985,2.00000
14.24375,73.73485,0.41398,1.16635,27.35576,73.29101,2.00000
31.04278,77.15264,0.35698,1.16211,31.70259,71.61516,2.00000
9.14258,82.77575,0.44396,1.09860,8.18987,70.44669,2.00000
12.71090,86.78181,0.35459,1.29575,38.82946,68.44344,2.00000
40.56696,98.68140,0.47561,1.12670,17.97321,68.85525,2.00000
28.65871,83.13263,0.36548,1.27237,39.35321,70.29653,2.00000
31.08535,98.90438,0.39637,1.20817,34.78769,69.87666,2.00000
25.68818,70.43725,0.40430,1.11841,11.28600,72.01834,2.00000
38.80908,90.10323,0.42420,1.25816,27.37422,69.10349,2.00000
11.38056,84.46216,0.39445,1.16118,16.61987,69.56215,2.00000
43.06764,82.86432,0.36613,1.23017,25.10641,69.93255,2.00000
15.42408,76.11550,0.39575,1.29215,30.49539,70.89600,2.00000
5.56725,87.68623,0.36270,1.27707,8.11914,68.92886,2.00000
36.89710,99.94202,0.40669,1.01451,10.64739,68.90019,2.00000
6.17033,70.99498,0.40693,1.19514,20.99277,69.42873,2.00000
6.78725,75.66557,0.39387,1.12650,25.93220,66.62732,2.00000
21.30772,75.53567,0.39932,1.21740,17.31454,69.73935,2.00000
11.48631,70.62225,0.39579,1.14023,15.63552,67.46789,2.00000
40.17910,72.67156,0.41507,1.24678,40.74000,70.54438,2.00000
19.33992,70.39281,0.42478,1.16102,21.64071,71.28079,2.00000
6.50463,78.34425,0.36361,1.27680,19.26079,71.31360,2.00000
7.91096,67.62539,0.44846,1.27038,0.00000,71.07731,2.00000
44.74117,95.60866,0.35520,1.07035,11.51457,72.26692,2.00000
36.75384,83.59604,0.39391,1.27024,28.15159,67.19737,2.00000
42.50347,20.23001,0.46072,1.14556,27.51506,70.21410,2.00000
29.42277,82.51509,0.45489,1.26389,16.37752,69.95456,2.00000
25.88024,88.35887,0.38454,1.21376,0.00000,65.12141,2.00000
32.17289,67.69261,0.42590,1.10971,5.81412,73.12379,2.00000
11.65875,80.35134,0.40372,1.18883,28.58817,72.09146,2.00000
8.20113,90.45685,0.40360,1.23747,4.00418,69.45847,2.00000
31.34638,73.21184,0.43452,0.94951,28.01675,71.38019,2.00000
38.05506,70.91791,0.42253,1.29391,11.16169,72.62380,2.00000
59.16046,66.57520,0.40722,1.22704,13.95918,70.91599,2.00000
10.86429,68.57964,0.25324,1.21725,16.25859,70.17562,2.00000
86.59575,80.66492,0.38027,1.27571,9.52420,66.45891,2.00000
10.33589,74.10332,0.41730,1.15516,26.97109,73.69594,2.00000
34.07636,72.83457,0.41071,1.15264,29.73968,67.97558,2.00000
28.48669,71.26864,0.40878,1.16540,19.31386,72.61916,2.00000
20.70240,75.49930,0.41716,1.47131,25.09220,68.64057,2.00000
8.52975,88.33886,0.46209,1.21735,12.89987,71.05161,2.00000
27.00252,75.61988,0.37955,1.29966,25.56393,70.64856,2.00000
6.30525,52.67576,0.38609,1.15236,24.24663,71.46742,2.00000
20.13177,65.59300,0.36182,1.16234,34.30759,73.06367,2.00000
18.56407,74.19718,0.41298,1.06523,24.40799,71.87733,2.00000
41.31741,95.22052,0.46443,1.42522,16.09080,70.19762,2.00000
12.29843,87.98610,0.43445,1.23336,37.56116,65.73589,2.00000
43.84876,88.39094,0.36403,1.20073,17.05765,67.20659,2.00000
20.24993,94.37342,0.36367,1.16740,42.40197,66.29467,2.00000
7.70235,76.51143,0.39780,1.21014,28.72899,67.33595,2.00000
29.73424,91.50287,0.43291,1.29337,0.00000,67.91603,2.00000
57.19439,4.48268,0.34968,1.03725,2.50439,70.28994,2.00000
29.71187,88.85626,0.39030,1.28465,16.45132,69.87094,2.00000
43.06000,99.56323,0.28458,1.40064,24.82041,67.72734,2.00000
29.83399,80.53119,0.39641,1.04492,13.47154,71.58137,2.00000
7.19588,74.19621,0.47835,1.20628,10.69752,71.44364,2.00000
39.06657,94.27925,0.41458,1.20468,16.17201,73.14110,2.00000
6.51810,84.17206,0.44353,1.28679,26.88830,70.98989,2.00000
26.97769,83.92131,0.37355,1.33124,36.34298,69.37291,2.00000
25.98452,78.13652,0.38672,1.18393,0.00000,67.78980,2.00000
25.08831,92.27690,0.33648,1.32516,25.74592,68.48498,2.00000
36.38649,91.80146,0.34462,1.31990,0.00000,68.85607,2.00000
24.97168,72.34909,0.39212,1.15362,8.05477,67.05992,2.00000
15.22452,71.92412,0.42846,1.17372,32.77246,69.76824,2.00000
44.61875,95.90225,0.44991,1.15407,30.78572,66.86924,2.00000
26.90600,75.51584,0.45758,1.07433,32.39730,72.33209,2.00000
20.23232,82.53002,0.38970,1.19765,19.43633,70.73885,2.00000
27.29544,69.84785,0.46433,1.18560,19.50983,68.94976,2.00000
34.01254,91.06987,0.42017,1.19040,36.42574,72.32146,2.00000
12.70385,72.82944,0.37363,1.15285,24.36121,71.45355,2.00000
10.30041,84.09377,0.49187,1.19542,35.41593,70.05023,2.00000
40.77842,70.37179,0.38555,1.20119,15.14760,68.66937,2.00000
37.28911,73.90966,0.41477,1.21612,15.12159,69.52922,2.00000
29.94180,72.14904,0.32756,1.19191,7.51092,70.77172,2.00000
5.38098,82.94403,0.41232,1.08162,2.73692,68.43478,2.00000
19.91375,86.41129,0.37769,1.20494,13.30441,71.14659,2.00000
41.78088,70.33465,0.38806,0.99881,32.14596,73.76784,2.00000
31.86880,77.68499,0.35024,1.24230,34.89239,72.13030,2.00000
16.91086,93.91733,0.36500,1.04861,41.74789,68.96892,2.00000
18.24920,82.21159,0.41765,1.05197,37.20391,71.64245,2.00000
14.56603,76.74164,0.42970,1.30094,3.57007,67.34512,2.00000
96.50848,69.05302,0.44554,1.18103,30.29737,69.10596,2.00000
32.15154,91.37036,0.42755,1.21548,17.11691,69.49703,2.00000
22.27579,87.86372,0.39634,1.28901,36.24705,71.35294,2.00000
50.81100,87.18475,0.36409,1.21885,16.75482,69.38167,2.00000
20.83414,74.49395,0.44792,1.09899,29.13475,69.57562,2.00000
32.58537,80.47654,0.36601,1.32697,14.97282,70.62314,2.00000
42.30639,83.24800,0.41425,1.38077,37.34783,71.34582,2.00000
16.04164,71.49945,0.42446,1.23694,32.82124,70.59241,2.00000
19.90955,34.97231,0.44963,1.12654,8.03998,69.74193,2.00000
7.15876,66.51264,0.43876,1.23532,19.03789,68.21095,2.00000
8.83691,68.57344,0.45583,1.25028,23.85176,75.54946,2.00000
27.47818,90.17417,0.38448,1.12116,35.50543,69.76002,2.00000
25.60660,94.43357,0.35718,1.01596,27.93091,70.13226,2.00000
28.17541,90.46483,0.39811,1.19569,34.51639,70.73727,2.00000
9.11115,83.78335,0.40099,1.16849,23.17470,68.64787,2.00000
10.24049,68.65124,0.51511,1.28584,42.51435,70.55178,2.00000
55.94776,29.23727,0.40599,1.08536,22.63359,68.58653,2.00000
16.96624,68.33603,0.47281,1.20038,13.71715,71.11275,2.00000
31.22057,93.63341,0.31236,1.11767,21.03652,68.72347,2.00000
10.75791,83.68705,0.46240,1.18063,24.38595,70.27973,2.00000
33.15424,91.11976,0.27864,1.29861,28.60366,69.46030,2.00000
18.02668,68.51081,0.35286,0.95442,36.73935,68.88354,2.00000
13.92148,68.98412,0.37317,1.20929,22.85907,67.72290,2.00000
39.44923,70.07529,0.29095,1.26242,17.02460,68.85549,2.00000
28.91710,87.48537,0.37811,1.06574,24.61937,67.37826,2.00000
23.06837,65.87007,0.42615,1.06983,26.87483,69.35598,2.00000
34.07770,66.17400,0.32426,1.22768,17.94036,70.02895,2.00000
25.79203,77.99998,0.37291,1.23150,46.11745,67.61663,2.00000
43.59183,99.56608,0.47350,1.25395,29.38037,67.04924,2.00000
6.63551,71.92053,0.45739,1.20201,36.88614,68.10109,2.00000
19.01359,92.70721,0.36551,1.26902,23.82826,68.79552,2.00000
10.78909,77.27791,0.37024,1.26132,9.17440,69.61461,2.00000
7.80328,93.38443,0.46041,1.25145,38.03607,69.04176,2.00000
28.96674,70.49295,0.39619,1.38854,26.97363,73.61236,2.00000
33.29415,94.97529,0.45841,1.21291,4.35064,66.99448,2.00000
88.85366,28.42756,0.41835,1.31276,32.80351,72.42334,2.00000
33.31746,86.29240,0.42960,1.29668,18.52381,69.57309,2.00000
6.05783,65.31506,0.43623,1.30828,39.55740,73.17662,2.00000
19.30488,99.39614,0.43571,1.18162,2.01227,69.22996,2.00000
7.70211,79.75147,0.41172,1.23438,15.56744,70.21170,2.00000
26.17618,86.61881,0.30775,1.29469,14.22784,68.39581,2.00000
38.87723,80.26665,0.41106,1.22382,5.75401,69.70813,2.00000
42.07435,86.40097,0.36938,1.18339,10.15728,70.53837,2.00000
27.24160,94.21723,0.38064,1.15314,23.10356,68.95969,2.00000
13.31903,80.78452,0.37329,1.26165,6.52018,72.90983,2.00000
39.86141,72.51682,0.43955,1.30782,28.43842,72.71298,2.00000
36.25528,68.72757,0.48591,1.20643,19.73948,73.32334,2.00000
13.64002,82.90445,0.41248,1.30876,31.98482,74.24246,2.00000
35.54972,66.19660,0.37308,1.19264,17.67814,70.67014,2.00000
30.17239,65.14669,0.48181,1.28793,20.37032,67.48716,2.00000
7.47294,85.28249,0.37551,1.26565,40.86953,65.26234,2.00000
7.08222,77.81344,0.56730,1.29492,8.14756,72.34916,2.00000
13.08246,98.39553,0.33009,1.25612,22.90490,69.55572,2.00000
13.93142,99.21035,0.37380,1.07270,33.44452,67.40347,2.00000
47.78343,66.42964,0.34798,1.10526,21.47234,70.44558,2.00000
37.32238,77.43974,0.45773,1.20054,23.43369,68.25745,2.00000
22.96104,65.67231,0.45465,1.04211,8.78273,68.02951,2.00000
13.03698,88.89685,0.37463,1.36165,29.15251,68.02888,2.00000
13.48394,99.59153,0.50789,1.23639,24.51945,73.58475,2.00000
39.32081,80.39292,0.42779,1.12069,5.58304,66.50422,2.00000
42.29672,75.80079,0.39098,1.35323,19.65139,69.31892,2.00000
28.45631,70.98805,0.51274,1.21144,34.50641,70.71807,2.00000
17.03629,89.94534,0.46445,0.96503,8.41995,70.55854,2.00000
32.60795,74.38855,0.42204,1.24309,30.10054,71.52828,2.00000
12.14971,74.84751,0.41450,1.04703,23.10559,70.68774,2.00000
34.93850,33.68623,0.42495,1.22725,5.93137,71.53058,2.00000
11.47864,84.55141,0.48600,1.03440,27.18438,71.75650,2.00000
42.54242,94.51457,0.45165,1.20125,29.91653,70.95939,2.00000
6.36376,70.25803,0.43149,1.26806,19.67875,69.43938,2.00000
44.43848,98.45278,0.47065,1.31613,32.24568,71.21815,2.00000
41.80671,69.93583,0.38581,1.15522,25.04178,69.98309,2.00000
35.06260,87.95176,0.33115,1.25559,5.49790,67.39848,2.00000
27.65124,97.87328,0.32741,1.29937,35.18976,71.14106,2.00000
69.16516,48.80947,0.43392,0.98983,14.81994,68.04617,2.00000
39.42991,88.02368,0.46017,1.16755,0.00000,70.82654,2.00000
36.80172,70.67403,0.46692,1.19452,6.32829,68.51193,2.00000
21.53021,74.84821,0.46151,1.45547,23.99758,71.12966,2.00000
26.79329,97.66646,0.36008,1.22633,26.70051,71.29611,2.00000
26.18596,78.92187,0.38281,1.21911,20.73572,69.71400,2.00000
43.38068,78.76682,0.41163,1.26060,36.53130,69.15174,2.00000
6.96769,72.68057,0.41879,1.25857,25.35937,68.34031,2.00000
39.85395,95.34690,0.41824,1.17687,21.86551,72.19512,2.00000
39.19691,73.13315,0.46928,1.36822,22.21420,70.79572,2.00000
33.08307,78.28714,0.46653,1.11067,11.61758,68.65710,2.00000
20.71528,97.22901,0.40706,1.06715,19.07932,70.05248,2.00000
6.20823,83.91515,0.40888,1.27698,21.03766,69.78124,2.00000
43.57014,83.29550,0.46056,1.07255,25.21341,70.42315,2.00000
38.68004,65.00018,0.36434,1.23758,7.76234,66.91067,2.00000
27.43094,50.99285,0.36452,1.12279,23.29198,72.03782,2.00000
15.52154,69.77756,0.37378,1.05924,0.00000,68.03851,2.00000
43.18520,70.49268,0.38378,1.35579,12.52143,69.50215,2.00000
42.51566,96.98685,0.45438,1.37107,24.92399,67.48026,2.00000
34.72602,65.31476,0.36075,1.21841,13.58452,67.85304,2.00000
18.16751,77.32505,0.41766,1.23059,23.96805,72.88386,2.00000
37.05030,81.42172,0.48178,1.42504,6.28465,66.02454,2.00000
34.92547,98.68418,0.35175,1.16582,23.67027,64.46329,2.00000
6.77877,93.88354,0.39173,1.35843,21.96084,67.48709,2.00000
35.48186,94.93783,0.36553,1.00458,4.75371,69.06371,2.00000
90.85615,69.13631,0.43366,1.25497,8.96211,71.15965,2.00000
33.38351,96.79167,0.36608,1.38548,29.49188,68.71751,2.00000
40.64221,70.78714,0.45204,1.17664,9.30111,72.99432,2.00000
41.30621,66.52506,0.45601,1.34696,25.80448,68.87875,2.00000
0.47441,68.51824,0.43620,1.14331,17.97058,71.52587,2.00000
33.61215,65.64791,0.44748,1.11519,14.81755,68.76117,2.00000
37.57199,78.49712,0.47197,1.08291,9.96788,66.59784,2.00000
10.62968,31.74285,0.43126,1.26053,22.16261,71.44760,2.00000
13.47897,86.38226,0.37754,1.09189,13.37690,72.39886,2.00000
27.61223,89.09526,0.43859,1.18595,49.04601,72.93885,2.00000
7.49848,89.23335,0.39877,1.25786,29.90341,67.27937,2.00000
23.02818,65.51916,0.41013,1.29012,38.58907,68.81562,2.00000
14.25763,89.60339,0.39495,1.21444,22.83853,67.42904,2.00000
17.48572,76.06527,0.50371,0.99809,33.15658,70.23267,2.00000
37.75664,76.02740,0.45208,1.26056,22.70564,70.47007,2.00000
11.25120,66.12790,0.38263,1.28649,5.00497,73.28848,2.00000
36.31604,67.40327,0.39604,1.18476,18.19389,66.43065,2.00000
43.09612,97.08849,0.41793,1.35862,28.67584,70.69911,2.00000
5.68107,89.68303,0.36445,1.18178,5.64613,70.98982,2.00000
11.62506,84.35650,0.41410,1.08209,4.76378,66.30654,2.00000
43.85781,71.51200,0.39494,1.08332,22.09653,69.59600,2.00000
34.62194,86.20962,0.40752,1.22193,17.52580,69.43162,2.00000
33.91205,77.16902,0.36422,1.06950,0.00000,69.90998,2.00000
34.53812,72.38629,0.36552,1.14461,29.35594,71.56506,2.00000
33.16459,76.48217,0.46944,1.07505,24.02511,65.45593,2.00000
66.09610,52.41430,0.36251,1.42246,17.35990,71.99717,2.00000
19.46402,90.83066,0.36163,1.16202,26.60143,71.56217,2.00000
26.04675,66.06560,0.36497,0.98898,18.09020,71.04772,2.00000
63.31212,27.59265,0.77997,4.04079,42.34269,71.76946,3.00000
61.37931,22.63971,0.46788,4.05302,38.97370,78.60444,3.00000
65.53436,13.31756,0.34217,4.08658,39.83510,79.01550,3.00000
81.45371,27.79991,0.52935,4.02860,40.61939,77.02861,3.00000
89.78953,27.89183,0.39772,4.07074,37.80528,86.54819,3.00000
91.18287,0.60270,1.04667,4.01009,38.37321,87.91195,3.00000
62.86289,23.00191,0.91513,3.93582,39.59986,74.83970,3.00000
85.60574,28.37570,0.73221,3.86571,39.84589,77.07284,3.00000
64.62448,22.60310,0.39056,3.88690,41.89130,79.90051,3.00000
89.33065,16.05089,0.46154,4.00600,39.65464,82.03431,3.00000
59.57065,16.45267,0.47833,3.97193,41.91224,80.38132,3.00000
88.78515,5.17555,1.31241,3.90890,39.94764,90.82090,3.00000
71.34887,19.49393,0.11049,3.86817,40.37676,93.82158,3.00000
83.40345,19.14535,0.43673,4.21660,39.71493,75.40403,3.00000
32.67958,37.84448,0.90927,4.00353,38.50484,75.64249,3.00000
85.28211,15.24097,0.65727,4.21549,40.70117,78.57379,3.00000
69.13473,31.39071,1.00773,4.07173,38.61066,77.27625,3.00000
72.73206,7.94255,0.92667,4.03716,39.51165,71.80149,3.00000
99.10419,29.83942,0.40515,3.85306,40.56439,87.23527,3.00000
84.33502,31.56118,0.01589,4.02507,38.67582,92.27503,3.00000
85.99558,14.68817,0.34585,3.99057,39.04297,76.98347,3.00000
74.42201,0.30216,0.58878,4.02104,39.67121,89.13257,3.00000
72.96318,8.76886,0.63160,3.81291,40.34703,93.74613,3.00000
84.71346,10.87977,0.69257,3.81193,39.20610,81.01165,3.00000
59.92148,7.06752,0.40727,4.07615,39.73422,82.13399,3.00000
59.70228,29.12460,0.77305,3.88585,40.52607,73.94033,3.00000
56.11364,15.68132,0.45527,3.94602,40.11491,80.42872,3.00000
99.42779,25.05964,0.43918,3.92943,38.77237,73.65913,3.00000
94.61952,19.41801,1.28831,4.01964,39.22950,80.96168,3.00000
97.97044,2.41664,0.65064,4.06904,38.96734,77.46274,3.00000
62.24959,34.13262,0.50578,4.00583,40.24913,81.20085,3.00000
17.28388,81.43544,0.12351,3.97030,39.97066,75.16688,3.00000
75.00116,17.86020,1.36187,4.14789,39.76622,74.99132,3.00000
96.66794,16.61944,0.34444,3.85565,39.02502,70.61041,3.00000
67.08484,34.76149,0.84364,4.06279,40.67021,83.14498,3.00000
70.95319,28.00783,1.16516,3.93502,39.30936,78.57618,3.00000
79.53233,20.74620,0.14505,4.12452,38.96673,80.60129,3.00000
84.08522,11.39972,1.58061,3.92411,38.93196,80.33650,3.00000
94.26037,10.22970,0.91769,4.01093,40.48679,85.77451,3.00000
88.03363,33.25013,0.23156,3.87412,39.89612,86.07064,3.00000
67.86021,10.40839,0.17131,3.95348,40.57143,80.48832,3.00000
99.91715,23.56595,0.97828,3.86684,40.11955,89.54100,3.00000
55.39034,22.38656,0.57536,3.79388,41.06227,82.94355,3.00000
91.99486,17.49019,0.55852,3.95750,39.19548,75.67059,3.00000
80.28522,7.73667,0.28568,4.16475,38.32469,76.30598,3.00000
2.57640,52.18853,0.92020,3.81108,39.89846,80.49583,3.00000
79.34654,9.86991,0.46920,3.80475,42.78763,83.43738,3.00000
73.45802,22.35098,0.42343,4.02086,39.39734,83.50612,3.00000
77.86957,21.01083,0.54344,3.99586,39.65615,76.38285,3.00000
69.92576,29.15882,0.67138,4.02745,38.81459,90.34161,3.00000
82.11600,26.68370,0.00000,4.00878,39.43171,82.41342,3.00000
94.27547,16.25763,0.76619,3.99018,40.52047,78.92925,3.00000
77.72589,9.65643,0.12182,4.12464,40.64890,70.91905,3.00000
93.35767,20.11180,0.71087,4.00973,40.35834,83.59690,3.00000
24.54500,43.64071,0.83254,3.97611,39.11198,83.42201,3.00000
73.68244,7.37744,0.88976,4.06923,39.36914,81.81586,3.00000
76.65287,11.40302,0.75754,4.02068,39.73976,82.81227,3.00000
81.67477,30.14763,0.93776,3.94851,40.42823,83.67514,3.00000
65.13122,5.81567,1.07546,4.05231,39.35803,78.01249,3.00000
55.09288,20.21314,0.53605,3.93197,39.10025,73.73890,3.00000
81.97354,27.36996,1.21367,3.98766,40.30537,82.94131,3.00000
91.87245,32.67404,0.02183,4.03980,41.68748,89.69405,3.00000
96.00059,20.48613,0.51496,3.90373,41.59457,80.87287,3.00000
84.57452,4.99117,0.84065,3.86974,39.07386,83.62872,3.00000
59.22905,34.23879,0.65864,3.94557,38.48343,73.88342,3.00000
94.03429,2.92109,0.99618,4.00267,40.88755,85.46763,3.00000
84.90756,31.21831,0.69314,3.82625,41.02838,77.22237,3.00000
41.80562,1.10518,0.93364,3.95765,41.08885,91.37475,3.00000
67.42635,5.16706,0.68937,3.98975,40.75467,83.66064,3.00000
74.46584,15.70494,1.03163,4.16062,39.87375,83.19253,3.00000
90.84607,9.96336,0.25248,4.06272,39.48520,79.26654,3.00000
84.54918,11.40252,0.73960,4.17566,39.05278,77.85460,3.00000
71.09893,23.49177,0.42695,3.99825,37.91005,81.84652,3.00000
78.56959,17.76410,0.60120,4.19133,42.40729,82.38682,3.00000
6.37638,19.45523,0.75667,3.96424,39.16307,77.65128,3.00000
79.97631,4.22151,0.70864,4.09699,39.58583,71.61371,3.00000
72.76245,3.04616,0.43133,4.31095,40.30308,91.87586,3.00000
89.50354,20.39785,0.47320,4.01204,38.97691,77.00687,3.00000
73.47114,0.84853,0.87819,4.13198,39.42490,85.99975,3.00000
64.75544,1.11178,0.42651,3.96606,38.96282,83.16202,3.00000
89.50842,17.87847,0.49517,4.00018,38.73006,78.76253,3.00000
50.90755,58.51618,0.10065,3.88998,39.43755,81.64084,3.00000
89.84146,13.69195,0.93828,4.03150,39.87923,89.51938,3.00000
92.86490,33.75192,1.05517,4.03911,40.74183,79.13795,3.00000
92.41563,9.81081,0.56932,3.99770,41.45674,81.00401,3.00000
75.35290,4.16573,0.07703,4.10889,38.01072,82.51451,3.00000
11.29151,4.32076,0.72934,3.93112,38.69100,78.53280,3.00000
99.83590,27.11274,0.96831,4.00034,39.87774,79.27050,3.00000
75.46894,26.74245,0.43450,3.93555,40.31873,86.73873,3.00000
95.51467,26.78841,1.29636,4.01166,39.73911,80.27627,3.00000
72.26414,0.18448,0.46937,4.02315,40.43988,82.01778,3.00000
88.52425,15.16620,1.01265,3.81252,39.67323,83.99132,3.00000
97.95136,32.54249,0.16527,4.04839,41.74858,82.94206,3.00000
48.80455,68.30492,0.68853,4.00161,39.92263,91.26383,3.00000
82.35872,7.81309,0.30590,3.96430,42.04908,80.07019,3.00000
93.00576,12.55259,0.40268,3.93497,39.51153,81.49918,3.00000
90.42260,44.25209,0.86331,3.95373,38.33790,82.04665,3.00000
92.72531,26.71124,0.87258,4.10642,39.47291,81.36558,3.00000
60.12068,34.04938,0.76735,3.97048,40.03144,79.08078,3.00000
59.40988,26.26113,0.74272,4.07326,39.35550,76.53228,3.00000
